{"bloc_voter_prop": {"NH_WHITE": 0.8262964380902537, "NH_BLACK": 0.010220509103796726, "NH_ASIAN": 0.052259866114230044, "NH_OTHER": 0.01516543197399997, "HISP": 0.09605775471771959}, "cohesion_parameters": {"NH_WHITE": {"NH_WHITE": 0.9, "NH_BLACK": 0.024999999999999994, "NH_ASIAN": 0.024999999999999994, "NH_OTHER": 0.024999999999999994, "HISP": 0.024999999999999994}, "NH_BLACK": {"NH_WHITE": 0.024999999999999994, "NH_BLACK": 0.9, "NH_ASIAN": 0.024999999999999994, "NH_OTHER": 0.024999999999999994, "HISP": 0.024999999999999994}, "NH_ASIAN": {"NH_WHITE": 0.024999999999999994, "NH_BLACK": 0.024999999999999994, "NH_ASIAN": 0.9, "NH_OTHER": 0.024999999999999994, "HISP": 0.024999999999999994}, "NH_OTHER": {"NH_WHITE": 0.024999999999999994, "NH_BLACK": 0.024999999999999994, "NH_ASIAN": 0.024999999999999994, "NH_OTHER": 0.9, "HISP": 0.024999999999999994}, "HISP": {"NH_WHITE": 0.024999999999999994, "NH_BLACK": 0.024999999999999994, "NH_ASIAN": 0.024999999999999994, "NH_OTHER": 0.024999999999999994, "HISP": 0.9}}, "alphas": {"NH_WHITE": {"NH_WHITE": 1, "NH_BLACK": 1, "NH_ASIAN": 1, "NH_OTHER": 1, "HISP": 1}, "NH_BLACK": {"NH_WHITE": 1, "NH_BLACK": 1, "NH_ASIAN": 1, "NH_OTHER": 1, "HISP": 1}, "NH_ASIAN": {"NH_WHITE": 1, "NH_BLACK": 1, "NH_ASIAN": 1, "NH_OTHER": 1, "HISP": 1}, "NH_OTHER": {"NH_WHITE": 1, "NH_BLACK": 1, "NH_ASIAN": 1, "NH_OTHER": 1, "HISP": 1}, "HISP": {"NH_WHITE": 1, "NH_BLACK": 1, "NH_ASIAN": 1, "NH_OTHER": 1, "HISP": 1}}, "slate_to_candidates": {"NH_WHITE": ["NH_WHITE_0", "NH_WHITE_1"], "NH_BLACK": ["NH_BLACK_0", "NH_BLACK_1"], "NH_ASIAN": ["NH_ASIAN_0", "NH_ASIAN_1"], "NH_OTHER": ["NH_OTHER_0", "NH_OTHER_1"], "HISP": ["HISP_0", "HISP_1"]}}