{"bloc_voter_prop": {"NH_WHITE": 0.3228922588519971, "NH_BLACK": 0.0353839826218519, "NH_ASIAN": 0.08878195392999899, "NH_OTHER": 0.023720506126419284, "HISP": 0.5292212984697326}, "cohesion_parameters": {"NH_WHITE": {"NH_WHITE": 0.9, "NH_BLACK": 0.024999999999999994, "NH_ASIAN": 0.024999999999999994, "NH_OTHER": 0.024999999999999994, "HISP": 0.024999999999999994}, "NH_BLACK": {"NH_WHITE": 0.024999999999999994, "NH_BLACK": 0.9, "NH_ASIAN": 0.024999999999999994, "NH_OTHER": 0.024999999999999994, "HISP": 0.024999999999999994}, "NH_ASIAN": {"NH_WHITE": 0.024999999999999994, "NH_BLACK": 0.024999999999999994, "NH_ASIAN": 0.9, "NH_OTHER": 0.024999999999999994, "HISP": 0.024999999999999994}, "NH_OTHER": {"NH_WHITE": 0.024999999999999994, "NH_BLACK": 0.024999999999999994, "NH_ASIAN": 0.024999999999999994, "NH_OTHER": 0.9, "HISP": 0.024999999999999994}, "HISP": {"NH_WHITE": 0.024999999999999994, "NH_BLACK": 0.024999999999999994, "NH_ASIAN": 0.024999999999999994, "NH_OTHER": 0.024999999999999994, "HISP": 0.9}}, "alphas": {"NH_WHITE": {"NH_WHITE": 0.5, "NH_BLACK": 0.5, "NH_ASIAN": 0.5, "NH_OTHER": 0.5, "HISP": 0.5}, "NH_BLACK": {"NH_WHITE": 0.5, "NH_BLACK": 0.5, "NH_ASIAN": 0.5, "NH_OTHER": 0.5, "HISP": 0.5}, "NH_ASIAN": {"NH_WHITE": 0.5, "NH_BLACK": 0.5, "NH_ASIAN": 0.5, "NH_OTHER": 0.5, "HISP": 0.5}, "NH_OTHER": {"NH_WHITE": 0.5, "NH_BLACK": 0.5, "NH_ASIAN": 0.5, "NH_OTHER": 0.5, "HISP": 0.5}, "HISP": {"NH_WHITE": 0.5, "NH_BLACK": 0.5, "NH_ASIAN": 0.5, "NH_OTHER": 0.5, "HISP": 0.5}}, "slate_to_candidates": {"NH_WHITE": ["NH_WHITE_0", "NH_WHITE_1"], "NH_BLACK": ["NH_BLACK_0", "NH_BLACK_1"], "NH_ASIAN": ["NH_ASIAN_0", "NH_ASIAN_1"], "NH_OTHER": ["NH_OTHER_0", "NH_OTHER_1"], "HISP": ["HISP_0", "HISP_1"]}}