{"bloc_voter_prop": {"NH_WHITE": 0.07679150210678358, "NH_BLACK": 0.8023766641181649, "NH_ASIAN": 0.0009902772988132635, "NH_OTHER": 0.011973352509541476, "HISP": 0.10786820396669687}, "cohesion_parameters": {"NH_WHITE": {"NH_WHITE": 0.9, "NH_BLACK": 0.024999999999999994, "NH_ASIAN": 0.024999999999999994, "NH_OTHER": 0.024999999999999994, "HISP": 0.024999999999999994}, "NH_BLACK": {"NH_WHITE": 0.024999999999999994, "NH_BLACK": 0.9, "NH_ASIAN": 0.024999999999999994, "NH_OTHER": 0.024999999999999994, "HISP": 0.024999999999999994}, "NH_ASIAN": {"NH_WHITE": 0.024999999999999994, "NH_BLACK": 0.024999999999999994, "NH_ASIAN": 0.9, "NH_OTHER": 0.024999999999999994, "HISP": 0.024999999999999994}, "NH_OTHER": {"NH_WHITE": 0.024999999999999994, "NH_BLACK": 0.024999999999999994, "NH_ASIAN": 0.024999999999999994, "NH_OTHER": 0.9, "HISP": 0.024999999999999994}, "HISP": {"NH_WHITE": 0.024999999999999994, "NH_BLACK": 0.024999999999999994, "NH_ASIAN": 0.024999999999999994, "NH_OTHER": 0.024999999999999994, "HISP": 0.9}}, "alphas": {"NH_WHITE": {"NH_WHITE": 0.5, "NH_BLACK": 0.5, "NH_ASIAN": 0.5, "NH_OTHER": 0.5, "HISP": 0.5}, "NH_BLACK": {"NH_WHITE": 0.5, "NH_BLACK": 0.5, "NH_ASIAN": 0.5, "NH_OTHER": 0.5, "HISP": 0.5}, "NH_ASIAN": {"NH_WHITE": 0.5, "NH_BLACK": 0.5, "NH_ASIAN": 0.5, "NH_OTHER": 0.5, "HISP": 0.5}, "NH_OTHER": {"NH_WHITE": 0.5, "NH_BLACK": 0.5, "NH_ASIAN": 0.5, "NH_OTHER": 0.5, "HISP": 0.5}, "HISP": {"NH_WHITE": 0.5, "NH_BLACK": 0.5, "NH_ASIAN": 0.5, "NH_OTHER": 0.5, "HISP": 0.5}}, "slate_to_candidates": {"NH_WHITE": ["NH_WHITE_0", "NH_WHITE_1"], "NH_BLACK": ["NH_BLACK_0", "NH_BLACK_1"], "NH_ASIAN": ["NH_ASIAN_0", "NH_ASIAN_1"], "NH_OTHER": ["NH_OTHER_0", "NH_OTHER_1"], "HISP": ["HISP_0", "HISP_1"]}}