{"bloc_voter_prop": {"NH_WHITE": 0.13884044188701886, "NH_BLACK": 0.5736307094982641, "NH_ASIAN": 0.0019202649732144592, "NH_OTHER": 0.011697760746063086, "HISP": 0.2739108228954395}, "cohesion_parameters": {"NH_WHITE": {"NH_WHITE": 0.9, "NH_BLACK": 0.024999999999999994, "NH_ASIAN": 0.024999999999999994, "NH_OTHER": 0.024999999999999994, "HISP": 0.024999999999999994}, "NH_BLACK": {"NH_WHITE": 0.024999999999999994, "NH_BLACK": 0.9, "NH_ASIAN": 0.024999999999999994, "NH_OTHER": 0.024999999999999994, "HISP": 0.024999999999999994}, "NH_ASIAN": {"NH_WHITE": 0.024999999999999994, "NH_BLACK": 0.024999999999999994, "NH_ASIAN": 0.9, "NH_OTHER": 0.024999999999999994, "HISP": 0.024999999999999994}, "NH_OTHER": {"NH_WHITE": 0.024999999999999994, "NH_BLACK": 0.024999999999999994, "NH_ASIAN": 0.024999999999999994, "NH_OTHER": 0.9, "HISP": 0.024999999999999994}, "HISP": {"NH_WHITE": 0.024999999999999994, "NH_BLACK": 0.024999999999999994, "NH_ASIAN": 0.024999999999999994, "NH_OTHER": 0.024999999999999994, "HISP": 0.9}}, "alphas": {"NH_WHITE": {"NH_WHITE": 1, "NH_BLACK": 1, "NH_ASIAN": 1, "NH_OTHER": 1, "HISP": 1}, "NH_BLACK": {"NH_WHITE": 1, "NH_BLACK": 1, "NH_ASIAN": 1, "NH_OTHER": 1, "HISP": 1}, "NH_ASIAN": {"NH_WHITE": 1, "NH_BLACK": 1, "NH_ASIAN": 1, "NH_OTHER": 1, "HISP": 1}, "NH_OTHER": {"NH_WHITE": 1, "NH_BLACK": 1, "NH_ASIAN": 1, "NH_OTHER": 1, "HISP": 1}, "HISP": {"NH_WHITE": 1, "NH_BLACK": 1, "NH_ASIAN": 1, "NH_OTHER": 1, "HISP": 1}}, "slate_to_candidates": {"NH_WHITE": ["NH_WHITE_0", "NH_WHITE_1"], "NH_BLACK": ["NH_BLACK_0", "NH_BLACK_1"], "NH_ASIAN": ["NH_ASIAN_0", "NH_ASIAN_1"], "NH_OTHER": ["NH_OTHER_0", "NH_OTHER_1"], "HISP": ["HISP_0", "HISP_1"]}}