{"bloc_voter_prop": {"NH_WHITE": 0.025469650225760677, "NH_BLACK": 0.7619406544384271, "NH_ASIAN": 0.0034756286348506214, "NH_OTHER": 0.010283106328102013, "HISP": 0.19883096037285974}, "cohesion_parameters": {"NH_WHITE": {"NH_WHITE": 0.9, "NH_BLACK": 0.024999999999999994, "NH_ASIAN": 0.024999999999999994, "NH_OTHER": 0.024999999999999994, "HISP": 0.024999999999999994}, "NH_BLACK": {"NH_WHITE": 0.024999999999999994, "NH_BLACK": 0.9, "NH_ASIAN": 0.024999999999999994, "NH_OTHER": 0.024999999999999994, "HISP": 0.024999999999999994}, "NH_ASIAN": {"NH_WHITE": 0.024999999999999994, "NH_BLACK": 0.024999999999999994, "NH_ASIAN": 0.9, "NH_OTHER": 0.024999999999999994, "HISP": 0.024999999999999994}, "NH_OTHER": {"NH_WHITE": 0.024999999999999994, "NH_BLACK": 0.024999999999999994, "NH_ASIAN": 0.024999999999999994, "NH_OTHER": 0.9, "HISP": 0.024999999999999994}, "HISP": {"NH_WHITE": 0.024999999999999994, "NH_BLACK": 0.024999999999999994, "NH_ASIAN": 0.024999999999999994, "NH_OTHER": 0.024999999999999994, "HISP": 0.9}}, "alphas": {"NH_WHITE": {"NH_WHITE": 0.5, "NH_BLACK": 0.5, "NH_ASIAN": 0.5, "NH_OTHER": 0.5, "HISP": 0.5}, "NH_BLACK": {"NH_WHITE": 0.5, "NH_BLACK": 0.5, "NH_ASIAN": 0.5, "NH_OTHER": 0.5, "HISP": 0.5}, "NH_ASIAN": {"NH_WHITE": 0.5, "NH_BLACK": 0.5, "NH_ASIAN": 0.5, "NH_OTHER": 0.5, "HISP": 0.5}, "NH_OTHER": {"NH_WHITE": 0.5, "NH_BLACK": 0.5, "NH_ASIAN": 0.5, "NH_OTHER": 0.5, "HISP": 0.5}, "HISP": {"NH_WHITE": 0.5, "NH_BLACK": 0.5, "NH_ASIAN": 0.5, "NH_OTHER": 0.5, "HISP": 0.5}}, "slate_to_candidates": {"NH_WHITE": ["NH_WHITE_0", "NH_WHITE_1"], "NH_BLACK": ["NH_BLACK_0", "NH_BLACK_1"], "NH_ASIAN": ["NH_ASIAN_0", "NH_ASIAN_1"], "NH_OTHER": ["NH_OTHER_0", "NH_OTHER_1"], "HISP": ["HISP_0", "HISP_1"]}}