{"bloc_voter_prop": {"NH_WHITE": 0.0682280237464302, "NH_BLACK": 0.34778396773012676, "NH_ASIAN": 0.005222541597613623, "NH_OTHER": 0.0057447957800287955, "HISP": 0.5730206711458005}, "cohesion_parameters": {"NH_WHITE": {"NH_WHITE": 0.9, "NH_BLACK": 0.024999999999999994, "NH_ASIAN": 0.024999999999999994, "NH_OTHER": 0.024999999999999994, "HISP": 0.024999999999999994}, "NH_BLACK": {"NH_WHITE": 0.024999999999999994, "NH_BLACK": 0.9, "NH_ASIAN": 0.024999999999999994, "NH_OTHER": 0.024999999999999994, "HISP": 0.024999999999999994}, "NH_ASIAN": {"NH_WHITE": 0.024999999999999994, "NH_BLACK": 0.024999999999999994, "NH_ASIAN": 0.9, "NH_OTHER": 0.024999999999999994, "HISP": 0.024999999999999994}, "NH_OTHER": {"NH_WHITE": 0.024999999999999994, "NH_BLACK": 0.024999999999999994, "NH_ASIAN": 0.024999999999999994, "NH_OTHER": 0.9, "HISP": 0.024999999999999994}, "HISP": {"NH_WHITE": 0.024999999999999994, "NH_BLACK": 0.024999999999999994, "NH_ASIAN": 0.024999999999999994, "NH_OTHER": 0.024999999999999994, "HISP": 0.9}}, "alphas": {"NH_WHITE": {"NH_WHITE": 1, "NH_BLACK": 1, "NH_ASIAN": 1, "NH_OTHER": 1, "HISP": 1}, "NH_BLACK": {"NH_WHITE": 1, "NH_BLACK": 1, "NH_ASIAN": 1, "NH_OTHER": 1, "HISP": 1}, "NH_ASIAN": {"NH_WHITE": 1, "NH_BLACK": 1, "NH_ASIAN": 1, "NH_OTHER": 1, "HISP": 1}, "NH_OTHER": {"NH_WHITE": 1, "NH_BLACK": 1, "NH_ASIAN": 1, "NH_OTHER": 1, "HISP": 1}, "HISP": {"NH_WHITE": 1, "NH_BLACK": 1, "NH_ASIAN": 1, "NH_OTHER": 1, "HISP": 1}}, "slate_to_candidates": {"NH_WHITE": ["NH_WHITE_0", "NH_WHITE_1"], "NH_BLACK": ["NH_BLACK_0", "NH_BLACK_1"], "NH_ASIAN": ["NH_ASIAN_0", "NH_ASIAN_1"], "NH_OTHER": ["NH_OTHER_0", "NH_OTHER_1"], "HISP": ["HISP_0", "HISP_1"]}}