{"bloc_voter_prop": {"NH_WHITE": 0.0032171180726555714, "NH_BLACK": 0.9776672150099172, "NH_ASIAN": 0.0005611252627807187, "NH_OTHER": 0.009314679171107641, "HISP": 0.00923986248353885}, "cohesion_parameters": {"NH_WHITE": {"NH_WHITE": 0.9, "NH_BLACK": 0.024999999999999994, "NH_ASIAN": 0.024999999999999994, "NH_OTHER": 0.024999999999999994, "HISP": 0.024999999999999994}, "NH_BLACK": {"NH_WHITE": 0.024999999999999994, "NH_BLACK": 0.9, "NH_ASIAN": 0.024999999999999994, "NH_OTHER": 0.024999999999999994, "HISP": 0.024999999999999994}, "NH_ASIAN": {"NH_WHITE": 0.024999999999999994, "NH_BLACK": 0.024999999999999994, "NH_ASIAN": 0.9, "NH_OTHER": 0.024999999999999994, "HISP": 0.024999999999999994}, "NH_OTHER": {"NH_WHITE": 0.024999999999999994, "NH_BLACK": 0.024999999999999994, "NH_ASIAN": 0.024999999999999994, "NH_OTHER": 0.9, "HISP": 0.024999999999999994}, "HISP": {"NH_WHITE": 0.024999999999999994, "NH_BLACK": 0.024999999999999994, "NH_ASIAN": 0.024999999999999994, "NH_OTHER": 0.024999999999999994, "HISP": 0.9}}, "alphas": {"NH_WHITE": {"NH_WHITE": 0.5, "NH_BLACK": 0.5, "NH_ASIAN": 0.5, "NH_OTHER": 0.5, "HISP": 0.5}, "NH_BLACK": {"NH_WHITE": 0.5, "NH_BLACK": 0.5, "NH_ASIAN": 0.5, "NH_OTHER": 0.5, "HISP": 0.5}, "NH_ASIAN": {"NH_WHITE": 0.5, "NH_BLACK": 0.5, "NH_ASIAN": 0.5, "NH_OTHER": 0.5, "HISP": 0.5}, "NH_OTHER": {"NH_WHITE": 0.5, "NH_BLACK": 0.5, "NH_ASIAN": 0.5, "NH_OTHER": 0.5, "HISP": 0.5}, "HISP": {"NH_WHITE": 0.5, "NH_BLACK": 0.5, "NH_ASIAN": 0.5, "NH_OTHER": 0.5, "HISP": 0.5}}, "slate_to_candidates": {"NH_WHITE": ["NH_WHITE_0", "NH_WHITE_1"], "NH_BLACK": ["NH_BLACK_0", "NH_BLACK_1"], "NH_ASIAN": ["NH_ASIAN_0", "NH_ASIAN_1"], "NH_OTHER": ["NH_OTHER_0", "NH_OTHER_1"], "HISP": ["HISP_0", "HISP_1"]}}