{"bloc_voter_prop": {"NH_WHITE": 0.12093626699258281, "NH_BLACK": 0.3561949115127486, "NH_ASIAN": 0.006462687518744639, "NH_OTHER": 0.008224328207951197, "HISP": 0.5081818057679728}, "cohesion_parameters": {"NH_WHITE": {"NH_WHITE": 0.9, "NH_BLACK": 0.024999999999999994, "NH_ASIAN": 0.024999999999999994, "NH_OTHER": 0.024999999999999994, "HISP": 0.024999999999999994}, "NH_BLACK": {"NH_WHITE": 0.024999999999999994, "NH_BLACK": 0.9, "NH_ASIAN": 0.024999999999999994, "NH_OTHER": 0.024999999999999994, "HISP": 0.024999999999999994}, "NH_ASIAN": {"NH_WHITE": 0.024999999999999994, "NH_BLACK": 0.024999999999999994, "NH_ASIAN": 0.9, "NH_OTHER": 0.024999999999999994, "HISP": 0.024999999999999994}, "NH_OTHER": {"NH_WHITE": 0.024999999999999994, "NH_BLACK": 0.024999999999999994, "NH_ASIAN": 0.024999999999999994, "NH_OTHER": 0.9, "HISP": 0.024999999999999994}, "HISP": {"NH_WHITE": 0.024999999999999994, "NH_BLACK": 0.024999999999999994, "NH_ASIAN": 0.024999999999999994, "NH_OTHER": 0.024999999999999994, "HISP": 0.9}}, "alphas": {"NH_WHITE": {"NH_WHITE": 1, "NH_BLACK": 1, "NH_ASIAN": 1, "NH_OTHER": 1, "HISP": 1}, "NH_BLACK": {"NH_WHITE": 1, "NH_BLACK": 1, "NH_ASIAN": 1, "NH_OTHER": 1, "HISP": 1}, "NH_ASIAN": {"NH_WHITE": 1, "NH_BLACK": 1, "NH_ASIAN": 1, "NH_OTHER": 1, "HISP": 1}, "NH_OTHER": {"NH_WHITE": 1, "NH_BLACK": 1, "NH_ASIAN": 1, "NH_OTHER": 1, "HISP": 1}, "HISP": {"NH_WHITE": 1, "NH_BLACK": 1, "NH_ASIAN": 1, "NH_OTHER": 1, "HISP": 1}}, "slate_to_candidates": {"NH_WHITE": ["NH_WHITE_0", "NH_WHITE_1", "NH_WHITE_2"], "NH_BLACK": ["NH_BLACK_0", "NH_BLACK_1", "NH_BLACK_2"], "NH_ASIAN": ["NH_ASIAN_0", "NH_ASIAN_1", "NH_ASIAN_2"], "NH_OTHER": ["NH_OTHER_0", "NH_OTHER_1", "NH_OTHER_2"], "HISP": ["HISP_0", "HISP_1", "HISP_2"]}}