{"bloc_voter_prop": {"NH_WHITE": 0.04239327665740867, "NH_BLACK": 0.7974201907494094, "NH_ASIAN": 0.0014057368977462039, "NH_OTHER": 0.012854058280832519, "HISP": 0.14592673741460324}, "cohesion_parameters": {"NH_WHITE": {"NH_WHITE": 0.9, "NH_BLACK": 0.024999999999999994, "NH_ASIAN": 0.024999999999999994, "NH_OTHER": 0.024999999999999994, "HISP": 0.024999999999999994}, "NH_BLACK": {"NH_WHITE": 0.024999999999999994, "NH_BLACK": 0.9, "NH_ASIAN": 0.024999999999999994, "NH_OTHER": 0.024999999999999994, "HISP": 0.024999999999999994}, "NH_ASIAN": {"NH_WHITE": 0.024999999999999994, "NH_BLACK": 0.024999999999999994, "NH_ASIAN": 0.9, "NH_OTHER": 0.024999999999999994, "HISP": 0.024999999999999994}, "NH_OTHER": {"NH_WHITE": 0.024999999999999994, "NH_BLACK": 0.024999999999999994, "NH_ASIAN": 0.024999999999999994, "NH_OTHER": 0.9, "HISP": 0.024999999999999994}, "HISP": {"NH_WHITE": 0.024999999999999994, "NH_BLACK": 0.024999999999999994, "NH_ASIAN": 0.024999999999999994, "NH_OTHER": 0.024999999999999994, "HISP": 0.9}}, "alphas": {"NH_WHITE": {"NH_WHITE": 2, "NH_BLACK": 2, "NH_ASIAN": 2, "NH_OTHER": 2, "HISP": 2}, "NH_BLACK": {"NH_WHITE": 2, "NH_BLACK": 2, "NH_ASIAN": 2, "NH_OTHER": 2, "HISP": 2}, "NH_ASIAN": {"NH_WHITE": 2, "NH_BLACK": 2, "NH_ASIAN": 2, "NH_OTHER": 2, "HISP": 2}, "NH_OTHER": {"NH_WHITE": 2, "NH_BLACK": 2, "NH_ASIAN": 2, "NH_OTHER": 2, "HISP": 2}, "HISP": {"NH_WHITE": 2, "NH_BLACK": 2, "NH_ASIAN": 2, "NH_OTHER": 2, "HISP": 2}}, "slate_to_candidates": {"NH_WHITE": ["NH_WHITE_0", "NH_WHITE_1", "NH_WHITE_2"], "NH_BLACK": ["NH_BLACK_0", "NH_BLACK_1", "NH_BLACK_2"], "NH_ASIAN": ["NH_ASIAN_0", "NH_ASIAN_1", "NH_ASIAN_2"], "NH_OTHER": ["NH_OTHER_0", "NH_OTHER_1", "NH_OTHER_2"], "HISP": ["HISP_0", "HISP_1", "HISP_2"]}}