{"bloc_voter_prop": {"NH_WHITE": 0.20238834116951457, "NH_BLACK": 0.6276370618429558, "NH_ASIAN": 0.09877152297060623, "NH_OTHER": 0.021435702580431704, "HISP": 0.04976737143649167}, "cohesion_parameters": {"NH_WHITE": {"NH_WHITE": 0.9, "NH_BLACK": 0.024999999999999994, "NH_ASIAN": 0.024999999999999994, "NH_OTHER": 0.024999999999999994, "HISP": 0.024999999999999994}, "NH_BLACK": {"NH_WHITE": 0.024999999999999994, "NH_BLACK": 0.9, "NH_ASIAN": 0.024999999999999994, "NH_OTHER": 0.024999999999999994, "HISP": 0.024999999999999994}, "NH_ASIAN": {"NH_WHITE": 0.024999999999999994, "NH_BLACK": 0.024999999999999994, "NH_ASIAN": 0.9, "NH_OTHER": 0.024999999999999994, "HISP": 0.024999999999999994}, "NH_OTHER": {"NH_WHITE": 0.024999999999999994, "NH_BLACK": 0.024999999999999994, "NH_ASIAN": 0.024999999999999994, "NH_OTHER": 0.9, "HISP": 0.024999999999999994}, "HISP": {"NH_WHITE": 0.024999999999999994, "NH_BLACK": 0.024999999999999994, "NH_ASIAN": 0.024999999999999994, "NH_OTHER": 0.024999999999999994, "HISP": 0.9}}, "alphas": {"NH_WHITE": {"NH_WHITE": 2, "NH_BLACK": 2, "NH_ASIAN": 2, "NH_OTHER": 2, "HISP": 2}, "NH_BLACK": {"NH_WHITE": 2, "NH_BLACK": 2, "NH_ASIAN": 2, "NH_OTHER": 2, "HISP": 2}, "NH_ASIAN": {"NH_WHITE": 2, "NH_BLACK": 2, "NH_ASIAN": 2, "NH_OTHER": 2, "HISP": 2}, "NH_OTHER": {"NH_WHITE": 2, "NH_BLACK": 2, "NH_ASIAN": 2, "NH_OTHER": 2, "HISP": 2}, "HISP": {"NH_WHITE": 2, "NH_BLACK": 2, "NH_ASIAN": 2, "NH_OTHER": 2, "HISP": 2}}, "slate_to_candidates": {"NH_WHITE": ["NH_WHITE_0", "NH_WHITE_1", "NH_WHITE_2", "NH_WHITE_3", "NH_WHITE_4"], "NH_BLACK": ["NH_BLACK_0", "NH_BLACK_1", "NH_BLACK_2", "NH_BLACK_3", "NH_BLACK_4"], "NH_ASIAN": ["NH_ASIAN_0", "NH_ASIAN_1", "NH_ASIAN_2", "NH_ASIAN_3", "NH_ASIAN_4"], "NH_OTHER": ["NH_OTHER_0", "NH_OTHER_1", "NH_OTHER_2", "NH_OTHER_3", "NH_OTHER_4"], "HISP": ["HISP_0", "HISP_1", "HISP_2", "HISP_3", "HISP_4"]}}